Target,Prediction,Type of Error,ML Model,Raw Message,Converted Message
Spam,Ham,False Negative,BernoulliNB(),You have 1 new message. Please call 08718738034.,1 new messag pleas call 08718738034
Spam,Ham,False Negative,BernoulliNB(),Monthly password for wap. mobsi.com is 391784. Use your wap phone not PC.,monthli password wap use wap phone pc
Spam,Ham,False Negative,BernoulliNB(),"accordingly. I repeat, just text the word ok on your mobile phone and send",accordingli repeat text word ok mobil phone send
Spam,Ham,False Negative,BernoulliNB(),Email AlertFrom: Jeri StewartSize: 2KBSubject: Low-cost prescripiton drvgsTo listen to email call 123,email alertfrom jeri stewarts 2kbsubject prescripiton drvgsto listen email call 123
Spam,Ham,False Negative,BernoulliNB(),Santa Calling! Would your little ones like a call from Santa Xmas eve? Call 09058094583 to book your time.,santa call would littl one like call santa xma eve call 09058094583 book time
Spam,Ham,False Negative,BernoulliNB(),This message is brought to you by GMW Ltd. and is not connected to the,messag brought gmw connect
Spam,Ham,False Negative,BernoulliNB(),"Hi babe its Chloe, how r u? I was smashed on saturday night, it was great! How was your weekend? U been missing me? SP visionsms.com Text stop to stop 150p/text",hi babe chloe r u smash saturday night great weekend u miss sp text stop stop
Spam,Ham,False Negative,BernoulliNB(),"Hi babe its Jordan, how r u? Im home from abroad and lonely, text me back if u wanna chat xxSP visionsms.com Text stop to stopCost 150p 08712400603",hi babe jordan r u im home abroad lone text back u wan na chat xxsp text stop stopcost 150p 08712400603
Spam,Ham,False Negative,BernoulliNB(),Ur balance is now å£500. Ur next question is: Who sang 'Uptown Girl' in the 80's ? 2 answer txt ur ANSWER to 83600. Good luck!,ur balanc ur next question sang girl 80 2 answer txt ur answer good luck
Spam,Ham,False Negative,BernoulliNB(),Check Out Choose Your Babe Videos @ sms.shsex.netUN fgkslpoPW fgkslpo,check choos babe video fgkslpopw fgkslpo
Spam,Ham,False Negative,BernoulliNB(),Not heard from U4 a while. Call me now am here all night with just my knickers on. Make me beg for it like U did last time 01223585236 XX Luv Nikiyu4.net,heard u4 call night knicker make beg like u last time 01223585236 xx luv
Spam,Ham,False Negative,BernoulliNB(),"tddnewsletter@emc1.co.uk (More games from TheDailyDraw) Dear Helen, Dozens of Free Games - with great prizesWith..",tddnewslett game thedailydraw dear helen dozen free game great prizeswith
Spam,Ham,False Negative,BernoulliNB(),"Do you ever notice that when you're driving, anyone going slower than you is an idiot and everyone driving faster than you is a maniac?",ever notic drive anyon go slower idiot everyon drive faster maniac
Ham,Spam,False Positive,BernoulliNB(),Pass dis to all ur contacts n see wat u get! Red;i'm in luv wid u. Blue;u put a smile on my face. Purple;u r realy hot. Pink;u r so swt. Orange;i thnk i lyk u. Green;i realy wana go out wid u. Yelow;i wnt u bck. Black;i'm jealous of u. Brown;i miss you Nw plz giv me one color,pass di ur contact n see wat u get red luv wid blue u put smile face purpl u r reali hot pink u r swt orang thnk lyk green reali wana go wid yelow wnt u bck black jealou brown miss nw plz giv one color
Ham,Spam,False Positive,BernoulliNB(),"Can you tell Shola to please go to college of medicine and visit the academic department, tell the academic secretary what the current situation is and ask if she can transfer there. She should ask someone to check Sagamu for the same thing and lautech. Its vital she completes her medical education in Nigeria. Its less expensive much less expensive. Unless she will be getting citizen rates in new zealand.",tell shola pleas go colleg medicin visit academ depart tell academ secretari current situat ask transfer ask someon check sagamu thing lautech vital complet medic educ nigeria less expens much less expens unless get citizen rate new zealand
Spam,Ham,False Negative,KNeighborsClassifier(n_neighbors=1),Monthly password for wap. mobsi.com is 391784. Use your wap phone not PC.,monthli password wap use wap phone pc
Spam,Ham,False Negative,KNeighborsClassifier(n_neighbors=1),"accordingly. I repeat, just text the word ok on your mobile phone and send",accordingli repeat text word ok mobil phone send
Spam,Ham,False Negative,KNeighborsClassifier(n_neighbors=1),Email AlertFrom: Jeri StewartSize: 2KBSubject: Low-cost prescripiton drvgsTo listen to email call 123,email alertfrom jeri stewarts 2kbsubject prescripiton drvgsto listen email call 123
Spam,Ham,False Negative,KNeighborsClassifier(n_neighbors=1),Your next amazing xxx PICSFREE1 video will be sent to you enjoy! If one vid is not enough for 2day text back the keyword PICSFREE1 to get the next video.,next amaz xxx picsfree1 video sent enjoy one vid enough 2day text back keyword picsfree1 get next video
Spam,Ham,False Negative,KNeighborsClassifier(n_neighbors=1),Bought one ringtone and now getting texts costing 3 pound offering more tones etc,bought one rington get text cost 3 pound offer tone etc
Spam,Ham,False Negative,KNeighborsClassifier(n_neighbors=1),This message is brought to you by GMW Ltd. and is not connected to the,messag brought gmw connect
Spam,Ham,False Negative,KNeighborsClassifier(n_neighbors=1),"1000's flirting NOW! Txt GIRL or BLOKE & ur NAME & AGE, eg GIRL ZOE 18 to 8007 to join and get chatting!",1000 flirt txt girl bloke ur name age eg girl zoe 18 8007 join get chat
Spam,Ham,False Negative,KNeighborsClassifier(n_neighbors=1),"Hi babe its Chloe, how r u? I was smashed on saturday night, it was great! How was your weekend? U been missing me? SP visionsms.com Text stop to stop 150p/text",hi babe chloe r u smash saturday night great weekend u miss sp text stop stop
Spam,Ham,False Negative,KNeighborsClassifier(n_neighbors=1),You will recieve your tone within the next 24hrs. For Terms and conditions please see Channel U Teletext Pg 750,reciev tone within next 24hr term condit pleas see channel u teletext pg 750
Spam,Ham,False Negative,KNeighborsClassifier(n_neighbors=1),Good Luck! Draw takes place 28th Feb 06. Good Luck! For removal send STOP to 87239 customer services 08708034412,good luck draw take place 28th feb good luck remov send stop 87239 custom servic 08708034412
Spam,Ham,False Negative,KNeighborsClassifier(n_neighbors=1),Sunshine Quiz! Win a super Sony DVD recorder if you canname the capital of Australia? Text MQUIZ to 82277. B,sunshin quiz win super soni dvd record cannam capit australia text mquiz b
Spam,Ham,False Negative,KNeighborsClassifier(n_neighbors=1),"Rock yr chik. Get 100's of filthy films &XXX pics on yr phone now. rply FILTH to 69669. Saristar Ltd, E14 9YT 08701752560. 450p per 5 days. Stop2 cancel",rock yr chik get 100 filthi film xxx pic yr phone rpli filth saristar ltd e14 9yt 08701752560 450p per 5 day stop2 cancel
Spam,Ham,False Negative,KNeighborsClassifier(n_neighbors=1),FREE MSG:We billed your mobile number by mistake from shortcode 83332.Please call 08081263000 to have charges refunded.This call will be free from a BT landline,free msg bill mobil number mistak shortcod call 08081263000 charg call free bt landlin
Spam,Ham,False Negative,KNeighborsClassifier(n_neighbors=1),"Mila, age23, blonde, new in UK. I look sex with UK guys. if u like fun with me. Text MTALK to 69866.18 . 30pp/txt 1st 5free. å£1.50 increments. Help08718728876",mila age23 blond new uk look sex uk guy u like fun text mtalk 1st 5free increment help08718728876
Spam,Ham,False Negative,KNeighborsClassifier(n_neighbors=1),How about getting in touch with folks waiting for company? Just txt back your NAME and AGE to opt in! Enjoy the community (150p/SMS),get touch folk wait compani txt back name age opt enjoy commun
Spam,Ham,False Negative,KNeighborsClassifier(n_neighbors=1),This msg is for your mobile content order It has been resent as previous attempt failed due to network error Queries to customersqueries@netvision.uk.com,msg mobil content order resent previou attempt fail due network error queri customersqueri
Spam,Ham,False Negative,KNeighborsClassifier(n_neighbors=1),"Hi babe its Jordan, how r u? Im home from abroad and lonely, text me back if u wanna chat xxSP visionsms.com Text stop to stopCost 150p 08712400603",hi babe jordan r u im home abroad lone text back u wan na chat xxsp text stop stopcost 150p 08712400603
Spam,Ham,False Negative,KNeighborsClassifier(n_neighbors=1),FreeMsg: Fancy a flirt? Reply DATE now & join the UKs fastest growing mobile dating service. Msgs rcvd just 25p to optout txt stop to 83021. Reply DATE now!,freemsg fanci flirt repli date join uk fastest grow mobil date servic msg rcvd 25p optout txt stop repli date
Spam,Ham,False Negative,KNeighborsClassifier(n_neighbors=1),"Text82228>> Get more ringtones, logos and games from www.txt82228.com. Questions: info@txt82228.co.uk",text82228 get rington logo game question info
Spam,Ham,False Negative,KNeighborsClassifier(n_neighbors=1),Bored housewives! Chat n date now! 0871750.77.11! BT-national rate 10p/min only from landlines!,bore housew chat n date rate landlin
Spam,Ham,False Negative,KNeighborsClassifier(n_neighbors=1),"Fantasy Football is back on your TV. Go to Sky Gamestar on Sky Active and play å£250k Dream Team. Scoring starts on Saturday, so register now!SKY OPT OUT to 88088",fantasi footbal back tv go sky gamestar sky activ play dream team score start saturday regist sky opt 88088
Spam,Ham,False Negative,KNeighborsClassifier(n_neighbors=1),"For your chance to WIN a FREE Bluetooth Headset then simply reply back with \ADP\""""",chanc win free bluetooth headset simpli repli back
Spam,Ham,False Negative,KNeighborsClassifier(n_neighbors=1),Check Out Choose Your Babe Videos @ sms.shsex.netUN fgkslpoPW fgkslpo,check choos babe video fgkslpopw fgkslpo
Spam,Ham,False Negative,KNeighborsClassifier(n_neighbors=1),Not heard from U4 a while. Call me now am here all night with just my knickers on. Make me beg for it like U did last time 01223585236 XX Luv Nikiyu4.net,heard u4 call night knicker make beg like u last time 01223585236 xx luv
Spam,Ham,False Negative,KNeighborsClassifier(n_neighbors=1),Jamster! To get your free wallpaper text HEART to 88888 now! T&C apply. 16 only. Need Help? Call 08701213186.,jamster get free wallpap text heart 88888 c appli 16 need help call 08701213186
Spam,Ham,False Negative,KNeighborsClassifier(n_neighbors=1),"TheMob> Check out our newest selection of content, Games, Tones, Gossip, babes and sport, Keep your mobile fit and funky text WAP to 82468",themob check newest select content game tone gossip babe sport keep mobil fit funki text wap 82468
Spam,Ham,False Negative,KNeighborsClassifier(n_neighbors=1),UÛªve Bin Awarded å£50 to Play 4 Instant Cash. Call 08715203028 To Claim. EVERY 9th Player Wins Min å£50-å£500. OptOut 08718727870,bin award play 4 instant cash call 08715203028 claim everi 9th player win min optout 08718727870
Spam,Ham,False Negative,KNeighborsClassifier(n_neighbors=1),"tddnewsletter@emc1.co.uk (More games from TheDailyDraw) Dear Helen, Dozens of Free Games - with great prizesWith..",tddnewslett game thedailydraw dear helen dozen free game great prizeswith
Spam,Ham,False Negative,KNeighborsClassifier(n_neighbors=1),"Do you ever notice that when you're driving, anyone going slower than you is an idiot and everyone driving faster than you is a maniac?",ever notic drive anyon go slower idiot everyon drive faster maniac
Spam,Ham,False Negative,KNeighborsClassifier(n_neighbors=1),"FREE MESSAGE Activate your 500 FREE Text Messages by replying to this message with the word FREE For terms & conditions, visit www.07781482378.com",free messag activ 500 free text messag repli messag word free term condit visit
Spam,Ham,False Negative,KNeighborsClassifier(n_neighbors=1),Ringtone Club: Gr8 new polys direct to your mobile every week !,rington club gr8 new poli direct mobil everi week
Spam,Ham,False Negative,KNeighborsClassifier(n_neighbors=1),Burger King - Wanna play footy at a top stadium? Get 2 Burger King before 1st Sept and go Large or Super with Coca-Cola and walk out a winner,burger king wan na play footi top stadium get 2 burger king 1st sept go larg super walk winner
Spam,Ham,False Negative,KNeighborsClassifier(n_neighbors=1),"SMS. ac Blind Date 4U!: Rodds1 is 21/m from Aberdeen, United Kingdom. Check Him out http://img. sms. ac/W/icmb3cktz8r7!-4 no Blind Dates send HIDE",sm ac blind date 4u rodds1 aberdeen unit kingdom check http sm blind date send hide
Spam,Ham,False Negative,KNeighborsClassifier(n_neighbors=1),1000's of girls many local 2 u who r virgins 2 this & r ready 2 4fil ur every sexual need. Can u 4fil theirs? text CUTE to 69911(å£1.50p. m),1000 girl mani local 2 u r virgin 2 r readi 2 4fil ur everi sexual need u 4fil text cute 69911
Spam,Ham,False Negative,KNeighborsClassifier(n_neighbors=1),"Gr8 Poly tones 4 ALL mobs direct 2u rply with POLY TITLE to 8007 eg POLY BREATHE1 Titles: CRAZYIN, SLEEPINGWITH, FINEST, YMCA :getzed.co.uk POBox365O4W45WQ 300p",gr8 poli tone 4 mob direct 2u rpli poli titl 8007 eg poli breathe1 titl crazyin sleepingwith finest ymca pobox365o4w45wq 300p
Spam,Ham,False Negative,KNeighborsClassifier(n_neighbors=1),Text & meet someone sexy today. U can find a date or even flirt its up to U. Join 4 just 10p. REPLY with NAME & AGE eg Sam 25. 18 -msg recd@thirtyeight pence,text meet someon sexi today u find date even flirt join 4 10p repli name age eg sam 25 18 recd thirtyeight penc
Spam,Ham,False Negative,KNeighborsClassifier(n_neighbors=1),Hard LIVE 121 chat just 60p/min. Choose your girl and connect LIVE. Call 09094646899 now! Cheap Chat UK's biggest live service. VU BCM1896WC1N3XX,hard live 121 chat choos girl connect live call 09094646899 cheap chat uk biggest live servic vu bcm1896wc1n3xx
Spam,Ham,False Negative,KNeighborsClassifier(n_neighbors=1),Reply with your name and address and YOU WILL RECEIVE BY POST a weeks completely free accommodation at various global locations www.phb1.com ph:08700435505150p,repli name address receiv post week complet free accommod variou global locat
Spam,Ham,False Negative,KNeighborsClassifier(n_neighbors=1),From next month get upto 50% More Calls 4 Ur standard network charge 2 activate Call 9061100010 C Wire3.net 1st4Terms PoBox84 M26 3UZ Cost å£1.50 min MobcudB more,next month get upto 50 call 4 ur standard network charg 2 activ call 9061100010 c 1st4term pobox84 m26 3uz cost min mobcudb
Spam,Ham,False Negative,KNeighborsClassifier(n_neighbors=1),"Orange brings you ringtones from all time Chart Heroes, with a free hit each week! Go to Ringtones & Pics on wap. To stop receiving these tips reply STOP.",orang bring rington time chart hero free hit week go rington pic wap stop receiv tip repli stop
Spam,Ham,False Negative,KNeighborsClassifier(n_neighbors=1),"Your free ringtone is waiting to be collected. Simply text the password \MIX\"" to 85069 to verify. Get Usher and Britney. FML",free rington wait collect simpli text password 85069 verifi get usher britney fml
Spam,Ham,False Negative,KNeighborsClassifier(n_neighbors=1),"TheMob>Hit the link to get a premium Pink Panther game, the new no. 1 from Sugababes, a crazy Zebra animation or a badass Hoody wallpaper-all 4 FREE!",themob hit link get premium pink panther game new 1 sugabab crazi zebra anim badass hoodi 4 free
Spam,Ham,False Negative,KNeighborsClassifier(n_neighbors=1),"our mobile number has won å£5000, to claim calls us back or ring the claims hot line on 09050005321.",mobil number claim call us back ring claim hot line 09050005321
Spam,Ham,False Negative,KNeighborsClassifier(n_neighbors=1),Sexy Singles are waiting for you! Text your AGE followed by your GENDER as wither M or F E.G.23F. For gay men text your AGE followed by a G. e.g.23G.,sexi singl wait text age follow gender wither f gay men text age follow
Spam,Ham,False Negative,KNeighborsClassifier(n_neighbors=1),"Hi, this is Mandy Sullivan calling from HOTMIX FM...you are chosen to receive å£5000.00 in our Easter Prize draw.....Please telephone 09041940223 to claim before 29/03/05 or your prize will be transferred to someone else....",hi mandi sullivan call hotmix fm chosen receiv easter prize draw pleas telephon 09041940223 claim prize transfer someon els
Spam,Ham,False Negative,KNeighborsClassifier(n_neighbors=1),Warner Village 83118 C Colin Farrell in SWAT this wkend @Warner Village & get 1 free med. Popcorn!Just show msg+ticket@kiosk.Valid 4-7/12. C t&c @kiosk. Reply SONY 4 mre film offers,warner villag 83118 c colin farrel swat wkend warner villag get 1 free med popcorn show c c kiosk repli soni 4 mre film offer
Spam,Ham,False Negative,KNeighborsClassifier(n_neighbors=1),EASTENDERS TV Quiz. What FLOWER does DOT compare herself to? D= VIOLET E= TULIP F= LILY txt D E or F to 84025 NOW 4 chance 2 WIN å£100 Cash WKENT/150P16+,eastend tv quiz flower dot compar violet tulip lili txt e f 84025 4 chanc 2 win cash
Spam,Ham,False Negative,KNeighborsClassifier(n_neighbors=1),Ur TONEXS subscription has been renewed and you have been charged å£4.50. You can choose 10 more polys this month. www.clubzed.co.uk *BILLING MSG*,ur tonex subscript renew charg choos 10 poli month bill msg
Spam,Ham,False Negative,KNeighborsClassifier(n_neighbors=1),Show ur colours! Euro 2004 2-4-1 Offer! Get an England Flag & 3Lions tone on ur phone! Click on the following service message for info!,show ur colour euro 2004 offer get england flag 3lion tone ur phone click follow servic messag info
Spam,Ham,False Negative,KNeighborsClassifier(n_neighbors=1),Marvel Mobile Play the official Ultimate Spider-man game (å£4.50) on ur mobile right now. Text SPIDER to 83338 for the game & we ll send u a FREE 8Ball wallpaper,marvel mobil play offici ultim game ur mobil right text spider 83338 game send u free 8ball wallpap
Ham,Spam,False Positive,"KMeans(n_clusters=2, n_init=10, random_state=20)",So now my dad is gonna call after he gets out of work and ask all these crazy questions.,dad gon na call get work ask crazi question
Ham,Spam,False Positive,"KMeans(n_clusters=2, n_init=10, random_state=20)",Why didn't u call on your lunch?,u call lunch
Spam,Ham,False Negative,"KMeans(n_clusters=2, n_init=10, random_state=20)",Monthly password for wap. mobsi.com is 391784. Use your wap phone not PC.,monthli password wap use wap phone pc
Spam,Ham,False Negative,"KMeans(n_clusters=2, n_init=10, random_state=20)","accordingly. I repeat, just text the word ok on your mobile phone and send",accordingli repeat text word ok mobil phone send
Spam,Ham,False Negative,"KMeans(n_clusters=2, n_init=10, random_state=20)",Your next amazing xxx PICSFREE1 video will be sent to you enjoy! If one vid is not enough for 2day text back the keyword PICSFREE1 to get the next video.,next amaz xxx picsfree1 video sent enjoy one vid enough 2day text back keyword picsfree1 get next video
Spam,Ham,False Negative,"KMeans(n_clusters=2, n_init=10, random_state=20)",Bought one ringtone and now getting texts costing 3 pound offering more tones etc,bought one rington get text cost 3 pound offer tone etc
Ham,Spam,False Positive,"KMeans(n_clusters=2, n_init=10, random_state=20)",I'm in school now n i'll be in da lab doing some stuff give me a call when Ì_ r done.,school n da lab stuff give call r done
Spam,Ham,False Negative,"KMeans(n_clusters=2, n_init=10, random_state=20)",Message Important information for O2 user. Today is your lucky day! 2 find out why log onto http://www.urawinner.com there is a fantastic surprise awaiting you,messag import inform o2 user today lucki day 2 find log onto http fantast surpris await
Spam,Ham,False Negative,"KMeans(n_clusters=2, n_init=10, random_state=20)",U have a Secret Admirer who is looking 2 make contact with U-find out who they R*reveal who thinks UR so special-call on 09065171142-stopsms-08,u secret admir look 2 make contact r reveal think ur
Spam,Ham,False Negative,"KMeans(n_clusters=2, n_init=10, random_state=20)",22 days to kick off! For Euro2004 U will be kept up to date with the latest news and results daily. To be removed send GET TXT STOP to 83222,22 day kick euro2004 u kept date latest news result daili remov send get txt stop 83222
Ham,Spam,False Positive,"KMeans(n_clusters=2, n_init=10, random_state=20)",ÌÏ called dad oredi...,ìï call dad oredi
Spam,Ham,False Negative,"KMeans(n_clusters=2, n_init=10, random_state=20)",This message is brought to you by GMW Ltd. and is not connected to the,messag brought gmw connect
Ham,Spam,False Positive,"KMeans(n_clusters=2, n_init=10, random_state=20)","That's fine, have him give me a call if he knows what he wants or has any questions",fine give call know want question
Ham,Spam,False Positive,"KMeans(n_clusters=2, n_init=10, random_state=20)",Usually the person is unconscious that's in children but in adults they may just behave abnormally. I.ll call you now,usual person unconsci children adult may behav abnorm call
Spam,Ham,False Negative,"KMeans(n_clusters=2, n_init=10, random_state=20)","1000's flirting NOW! Txt GIRL or BLOKE & ur NAME & AGE, eg GIRL ZOE 18 to 8007 to join and get chatting!",1000 flirt txt girl bloke ur name age eg girl zoe 18 8007 join get chat
Ham,Spam,False Positive,"KMeans(n_clusters=2, n_init=10, random_state=20)",Aiyar hard 2 type. U later free then tell me then i call n scold n tell u.,aiyar hard 2 type u later free tell call n scold n tell u
Spam,Ham,False Negative,"KMeans(n_clusters=2, n_init=10, random_state=20)","Hi babe its Chloe, how r u? I was smashed on saturday night, it was great! How was your weekend? U been missing me? SP visionsms.com Text stop to stop 150p/text",hi babe chloe r u smash saturday night great weekend u miss sp text stop stop
Spam,Ham,False Negative,"KMeans(n_clusters=2, n_init=10, random_state=20)",You will recieve your tone within the next 24hrs. For Terms and conditions please see Channel U Teletext Pg 750,reciev tone within next 24hr term condit pleas see channel u teletext pg 750
Spam,Ham,False Negative,"KMeans(n_clusters=2, n_init=10, random_state=20)",Good Luck! Draw takes place 28th Feb 06. Good Luck! For removal send STOP to 87239 customer services 08708034412,good luck draw take place 28th feb good luck remov send stop 87239 custom servic 08708034412
Spam,Ham,False Negative,"KMeans(n_clusters=2, n_init=10, random_state=20)",Sunshine Quiz! Win a super Sony DVD recorder if you canname the capital of Australia? Text MQUIZ to 82277. B,sunshin quiz win super soni dvd record cannam capit australia text mquiz b
Ham,Spam,False Positive,"KMeans(n_clusters=2, n_init=10, random_state=20)",He is there. You call and meet him,call meet
Spam,Ham,False Negative,"KMeans(n_clusters=2, n_init=10, random_state=20)","Rock yr chik. Get 100's of filthy films &XXX pics on yr phone now. rply FILTH to 69669. Saristar Ltd, E14 9YT 08701752560. 450p per 5 days. Stop2 cancel",rock yr chik get 100 filthi film xxx pic yr phone rpli filth saristar ltd e14 9yt 08701752560 450p per 5 day stop2 cancel
Ham,Spam,False Positive,"KMeans(n_clusters=2, n_init=10, random_state=20)",If I get there before you after your ten billion calls and texts so help me god,get ten billion call text help god
Spam,Ham,False Negative,"KMeans(n_clusters=2, n_init=10, random_state=20)","Mila, age23, blonde, new in UK. I look sex with UK guys. if u like fun with me. Text MTALK to 69866.18 . 30pp/txt 1st 5free. å£1.50 increments. Help08718728876",mila age23 blond new uk look sex uk guy u like fun text mtalk 1st 5free increment help08718728876
Spam,Ham,False Negative,"KMeans(n_clusters=2, n_init=10, random_state=20)",How about getting in touch with folks waiting for company? Just txt back your NAME and AGE to opt in! Enjoy the community (150p/SMS),get touch folk wait compani txt back name age opt enjoy commun
Ham,Spam,False Positive,"KMeans(n_clusters=2, n_init=10, random_state=20)","I can't speak, bcaz mobile have problem. I can listen you but you cann't listen my voice. So i calls you later.",ca speak bcaz mobil problem listen listen voic call later
Spam,Ham,False Negative,"KMeans(n_clusters=2, n_init=10, random_state=20)",This msg is for your mobile content order It has been resent as previous attempt failed due to network error Queries to customersqueries@netvision.uk.com,msg mobil content order resent previou attempt fail due network error queri customersqueri
Spam,Ham,False Negative,"KMeans(n_clusters=2, n_init=10, random_state=20)","Hi babe its Jordan, how r u? Im home from abroad and lonely, text me back if u wanna chat xxSP visionsms.com Text stop to stopCost 150p 08712400603",hi babe jordan r u im home abroad lone text back u wan na chat xxsp text stop stopcost 150p 08712400603
Spam,Ham,False Negative,"KMeans(n_clusters=2, n_init=10, random_state=20)","Today's Offer! Claim ur å£150 worth of discount vouchers! Text YES to 85023 now! SavaMob, member offers mobile! T Cs 08717898035. å£3.00 Sub. 16 . Unsub reply X",today offer claim ur worth discount voucher text ye 85023 savamob member offer mobil cs sub 16 unsub repli x
Spam,Ham,False Negative,"KMeans(n_clusters=2, n_init=10, random_state=20)",FreeMsg: Fancy a flirt? Reply DATE now & join the UKs fastest growing mobile dating service. Msgs rcvd just 25p to optout txt stop to 83021. Reply DATE now!,freemsg fanci flirt repli date join uk fastest grow mobil date servic msg rcvd 25p optout txt stop repli date
Spam,Ham,False Negative,"KMeans(n_clusters=2, n_init=10, random_state=20)",important information 4 orange user . today is your lucky day!2find out why log onto http://www.urawinner.com THERE'S A FANTASTIC SURPRISE AWAITING YOU!,import inform 4 orang user today lucki day 2find log onto http fantast surpris await
Spam,Ham,False Negative,"KMeans(n_clusters=2, n_init=10, random_state=20)","Text82228>> Get more ringtones, logos and games from www.txt82228.com. Questions: info@txt82228.co.uk",text82228 get rington logo game question info
Spam,Ham,False Negative,"KMeans(n_clusters=2, n_init=10, random_state=20)",Bored housewives! Chat n date now! 0871750.77.11! BT-national rate 10p/min only from landlines!,bore housew chat n date rate landlin
Spam,Ham,False Negative,"KMeans(n_clusters=2, n_init=10, random_state=20)","Fantasy Football is back on your TV. Go to Sky Gamestar on Sky Active and play å£250k Dream Team. Scoring starts on Saturday, so register now!SKY OPT OUT to 88088",fantasi footbal back tv go sky gamestar sky activ play dream team score start saturday regist sky opt 88088
Spam,Ham,False Negative,"KMeans(n_clusters=2, n_init=10, random_state=20)",Ur cash-balance is currently 500 pounds - to maximize ur cash-in now send GO to 86688 only 150p/meg. CC: 08718720201 HG/Suite342/2lands Row/W1j6HL,ur current 500 pound maxim ur send go 86688 cc 08718720201
Ham,Spam,False Positive,"KMeans(n_clusters=2, n_init=10, random_state=20)",i cant talk to you now.i will call when i can.dont keep calling.,cant talk call keep call
Ham,Spam,False Positive,"KMeans(n_clusters=2, n_init=10, random_state=20)",Book which lesson? then you msg me... I will call up after work or sth... I'm going to get specs. My membership is PX3748,book lesson msg call work sth go get spec membership px3748
Ham,Spam,False Positive,"KMeans(n_clusters=2, n_init=10, random_state=20)","Call me when you/carlos is/are here, my phone's vibrate is acting up and I might not hear texts",call phone vibrat act might hear text
Ham,Spam,False Positive,"KMeans(n_clusters=2, n_init=10, random_state=20)",Waiting for your call.,wait call
Spam,Ham,False Negative,"KMeans(n_clusters=2, n_init=10, random_state=20)",As a Registered Subscriber yr draw 4 a å£100 gift voucher will b entered on receipt of a correct ans. When are the next olympics. Txt ans to 80062,regist subscrib yr draw 4 gift voucher b enter receipt correct an next olymp txt an 80062
Spam,Ham,False Negative,"KMeans(n_clusters=2, n_init=10, random_state=20)","For your chance to WIN a FREE Bluetooth Headset then simply reply back with \ADP\""""",chanc win free bluetooth headset simpli repli back
Spam,Ham,False Negative,"KMeans(n_clusters=2, n_init=10, random_state=20)",Ur balance is now å£500. Ur next question is: Who sang 'Uptown Girl' in the 80's ? 2 answer txt ur ANSWER to 83600. Good luck!,ur balanc ur next question sang girl 80 2 answer txt ur answer good luck
Spam,Ham,False Negative,"KMeans(n_clusters=2, n_init=10, random_state=20)",Last chance 2 claim ur å£150 worth of discount vouchers-Text YES to 85023 now!SavaMob-member offers mobile T Cs 08717898035. å£3.00 Sub. 16 . Remove txt X or STOP,last chanc 2 claim ur worth discount ye 85023 offer mobil cs sub 16 remov txt x stop
Ham,Spam,False Positive,"KMeans(n_clusters=2, n_init=10, random_state=20)",He says he'll give me a call when his friend's got the money but that he's definitely buying before the end of the week,say give call friend got money definit buy end week
Ham,Spam,False Positive,"KMeans(n_clusters=2, n_init=10, random_state=20)","Sorry, I'll call you  later. I am in meeting sir.",sorri call later meet sir
Spam,Ham,False Negative,"KMeans(n_clusters=2, n_init=10, random_state=20)",Check Out Choose Your Babe Videos @ sms.shsex.netUN fgkslpoPW fgkslpo,check choos babe video fgkslpopw fgkslpo
Spam,Ham,False Negative,"KMeans(n_clusters=2, n_init=10, random_state=20)","Spook up your mob with a Halloween collection of a logo & pic message plus a free eerie tone, txt CARD SPOOK to 8007 zed 08701417012150p per logo/pic ",spook mob halloween collect logo pic messag plu free eeri tone txt card spook 8007 zed 08701417012150p per
Spam,Ham,False Negative,"KMeans(n_clusters=2, n_init=10, random_state=20)",Not heard from U4 a while. Call me now am here all night with just my knickers on. Make me beg for it like U did last time 01223585236 XX Luv Nikiyu4.net,heard u4 call night knicker make beg like u last time 01223585236 xx luv
Ham,Spam,False Positive,"KMeans(n_clusters=2, n_init=10, random_state=20)",Then its most likely called Mittelschmertz. Google it. If you dont have paracetamol dont worry it will go.,like call mittelschmertz googl dont paracetamol dont worri go
Spam,Ham,False Negative,"KMeans(n_clusters=2, n_init=10, random_state=20)","New Mobiles from 2004, MUST GO! Txt: NOKIA to No: 89545 & collect yours today! From ONLY å£1. www.4-tc.biz 2optout 087187262701.50gbp/mtmsg18 TXTAUCTION.",new mobil 2004 must go txt nokia 89545 collect today 2optout txtauction
Spam,Ham,False Negative,"KMeans(n_clusters=2, n_init=10, random_state=20)","TheMob> Check out our newest selection of content, Games, Tones, Gossip, babes and sport, Keep your mobile fit and funky text WAP to 82468",themob check newest select content game tone gossip babe sport keep mobil fit funki text wap 82468
Spam,Ham,False Negative,"KMeans(n_clusters=2, n_init=10, random_state=20)",FREEMSG: Our records indicate you may be entitled to 3750 pounds for the Accident you had. To claim for free reply with YES to this msg. To opt out text STOP,freemsg record indic may entitl 3750 pound accid claim free repli ye msg opt text stop
Ham,Spam,False Positive,"KMeans(n_clusters=2, n_init=10, random_state=20)",Call to the number which is available in appointment. And ask to connect the call to waheed fathima.,call number avail appoint ask connect call wahe fathima
Spam,Ham,False Negative,"KMeans(n_clusters=2, n_init=10, random_state=20)","tddnewsletter@emc1.co.uk (More games from TheDailyDraw) Dear Helen, Dozens of Free Games - with great prizesWith..",tddnewslett game thedailydraw dear helen dozen free game great prizeswith
Ham,Spam,False Positive,"KMeans(n_clusters=2, n_init=10, random_state=20)",I am in tirupur.  call you da.,tirupur call da
Spam,Ham,False Negative,"KMeans(n_clusters=2, n_init=10, random_state=20)","Do you ever notice that when you're driving, anyone going slower than you is an idiot and everyone driving faster than you is a maniac?",ever notic drive anyon go slower idiot everyon drive faster maniac
Spam,Ham,False Negative,"KMeans(n_clusters=2, n_init=10, random_state=20)",FREE entry into our å£250 weekly competition just text the word WIN to 80086 NOW. 18 T&C www.txttowin.co.uk,free entri weekli competit text word win 80086 18 c
Spam,Ham,False Negative,"KMeans(n_clusters=2, n_init=10, random_state=20)","FREE RINGTONE text FIRST to 87131 for a poly or text GET to 87131 for a true tone! Help? 0845 2814032 16 after 1st free, tones are 3xå£150pw to eå£nd txt stop",free rington text first 87131 poli text get 87131 true tone help 0845 2814032 16 1st free tone txt stop
Spam,Ham,False Negative,"KMeans(n_clusters=2, n_init=10, random_state=20)",Congratulations ur awarded either å£500 of CD gift vouchers & Free entry 2 our å£100 weekly draw txt MUSIC to 87066 TnCs www.Ldew.com 1 win150ppmx3age16,congratul ur award either cd gift voucher free entri 2 weekli draw txt music 87066 tnc 1 win150ppmx3age16
Spam,Ham,False Negative,"KMeans(n_clusters=2, n_init=10, random_state=20)","FREE MESSAGE Activate your 500 FREE Text Messages by replying to this message with the word FREE For terms & conditions, visit www.07781482378.com",free messag activ 500 free text messag repli messag word free term condit visit
Spam,Ham,False Negative,"KMeans(n_clusters=2, n_init=10, random_state=20)",Sunshine Quiz Wkly Q! Win a top Sony DVD player if u know which country the Algarve is in? Txt ansr to 82277. å£1.50 SP:Tyrone,sunshin quiz wkli q win top soni dvd player u know countri algarv txt ansr sp tyron
Ham,Spam,False Positive,"KMeans(n_clusters=2, n_init=10, random_state=20)",Ok then i'll let him noe later n ask him call u tmr...,ok let noe later n ask call u tmr
Spam,Ham,False Negative,"KMeans(n_clusters=2, n_init=10, random_state=20)",Ringtone Club: Gr8 new polys direct to your mobile every week !,rington club gr8 new poli direct mobil everi week
Ham,Spam,False Positive,"KMeans(n_clusters=2, n_init=10, random_state=20)",I am in office:)whats the matter..msg me now.i will call you at break:).,offic what matter msg call break
Spam,Ham,False Negative,"KMeans(n_clusters=2, n_init=10, random_state=20)",XMAS iscoming & ur awarded either å£500 CD gift vouchers & free entry 2 r å£100 weekly draw txt MUSIC to 87066 TnC www.Ldew.com1win150ppmx3age16subscription ,xma iscom ur award either cd gift voucher free entri 2 r weekli draw txt music 87066 tnc
Spam,Ham,False Negative,"KMeans(n_clusters=2, n_init=10, random_state=20)",Burger King - Wanna play footy at a top stadium? Get 2 Burger King before 1st Sept and go Large or Super with Coca-Cola and walk out a winner,burger king wan na play footi top stadium get 2 burger king 1st sept go larg super walk winner
Spam,Ham,False Negative,"KMeans(n_clusters=2, n_init=10, random_state=20)","SMS. ac Blind Date 4U!: Rodds1 is 21/m from Aberdeen, United Kingdom. Check Him out http://img. sms. ac/W/icmb3cktz8r7!-4 no Blind Dates send HIDE",sm ac blind date 4u rodds1 aberdeen unit kingdom check http sm blind date send hide
Spam,Ham,False Negative,"KMeans(n_clusters=2, n_init=10, random_state=20)",1000's of girls many local 2 u who r virgins 2 this & r ready 2 4fil ur every sexual need. Can u 4fil theirs? text CUTE to 69911(å£1.50p. m),1000 girl mani local 2 u r virgin 2 r readi 2 4fil ur everi sexual need u 4fil text cute 69911
Spam,Ham,False Negative,"KMeans(n_clusters=2, n_init=10, random_state=20)","Gr8 Poly tones 4 ALL mobs direct 2u rply with POLY TITLE to 8007 eg POLY BREATHE1 Titles: CRAZYIN, SLEEPINGWITH, FINEST, YMCA :getzed.co.uk POBox365O4W45WQ 300p",gr8 poli tone 4 mob direct 2u rpli poli titl 8007 eg poli breathe1 titl crazyin sleepingwith finest ymca pobox365o4w45wq 300p
Spam,Ham,False Negative,"KMeans(n_clusters=2, n_init=10, random_state=20)",Text & meet someone sexy today. U can find a date or even flirt its up to U. Join 4 just 10p. REPLY with NAME & AGE eg Sam 25. 18 -msg recd@thirtyeight pence,text meet someon sexi today u find date even flirt join 4 10p repli name age eg sam 25 18 recd thirtyeight penc
Spam,Ham,False Negative,"KMeans(n_clusters=2, n_init=10, random_state=20)",U have a secret admirer. REVEAL who thinks U R So special. Call 09065174042. To opt out Reply REVEAL STOP. 1.50 per msg recd. Cust care 07821230901,u secret admir reveal think u r special call opt repli reveal stop per msg recd cust care 07821230901
Spam,Ham,False Negative,"KMeans(n_clusters=2, n_init=10, random_state=20)","For ur chance to win a å£250 cash every wk TXT: ACTION to 80608. T's&C's www.movietrivia.tv custcare 08712405022, 1x150p/wk.",ur chanc win cash everi wk txt action c custcar 08712405022
Spam,Ham,False Negative,"KMeans(n_clusters=2, n_init=10, random_state=20)",Hard LIVE 121 chat just 60p/min. Choose your girl and connect LIVE. Call 09094646899 now! Cheap Chat UK's biggest live service. VU BCM1896WC1N3XX,hard live 121 chat choos girl connect live call 09094646899 cheap chat uk biggest live servic vu bcm1896wc1n3xx
Ham,Spam,False Positive,"KMeans(n_clusters=2, n_init=10, random_state=20)","I call you later, don't have network. If urgnt, sms me.",call later network urgnt sm
Spam,Ham,False Negative,"KMeans(n_clusters=2, n_init=10, random_state=20)","Sppok up ur mob with a Halloween collection of nokia logo&pic message plus a FREE eerie tone, txt CARD SPOOK to 8007",sppok ur mob halloween collect nokia logo pic messag plu free eeri tone txt card spook 8007
Ham,Spam,False Positive,"KMeans(n_clusters=2, n_init=10, random_state=20)","Text me when you get off, don't call, my phones having problems",text get call phone problem
Spam,Ham,False Negative,"KMeans(n_clusters=2, n_init=10, random_state=20)",Reply with your name and address and YOU WILL RECEIVE BY POST a weeks completely free accommodation at various global locations www.phb1.com ph:08700435505150p,repli name address receiv post week complet free accommod variou global locat
Spam,Ham,False Negative,"KMeans(n_clusters=2, n_init=10, random_state=20)",FreeMsg Hi baby wow just got a new cam moby. Wanna C a hot pic? or Fancy a chat?Im w8in 4uTxt / rply CHAT to 82242 Hlp 08712317606 Msg150p 2rcv,freemsg hi babi wow got new cam mobi wan na c hot pic fanci chat im w8in 4utxt rpli chat 82242 hlp 08712317606 msg150p 2rcv
Spam,Ham,False Negative,"KMeans(n_clusters=2, n_init=10, random_state=20)","Orange brings you ringtones from all time Chart Heroes, with a free hit each week! Go to Ringtones & Pics on wap. To stop receiving these tips reply STOP.",orang bring rington time chart hero free hit week go rington pic wap stop receiv tip repli stop
Spam,Ham,False Negative,"KMeans(n_clusters=2, n_init=10, random_state=20)","Your free ringtone is waiting to be collected. Simply text the password \MIX\"" to 85069 to verify. Get Usher and Britney. FML",free rington wait collect simpli text password 85069 verifi get usher britney fml
Ham,Spam,False Positive,"KMeans(n_clusters=2, n_init=10, random_state=20)","The guy at the car shop who was flirting with me got my phone number from the paperwork and called and texted me. I'm nervous because of course now he may have my address. Should i call his boss and tell him, knowing this may get him fired?",guy car shop flirt got phone number paperwork call text nervou cours may address call boss tell know may get fire
Spam,Ham,False Negative,"KMeans(n_clusters=2, n_init=10, random_state=20)",lyricalladie(21/F) is inviting you to be her friend. Reply YES-910 or NO-910. See her: www.SMS.ac/u/hmmross STOP? Send STOP FRND to 62468,lyricalladi invit friend repli see stop send stop frnd 62468
Ham,Spam,False Positive,"KMeans(n_clusters=2, n_init=10, random_state=20)",May i call You later Pls,may call later pl
Ham,Spam,False Positive,"KMeans(n_clusters=2, n_init=10, random_state=20)",Ok darlin i supose it was ok i just worry too much.i have to do some film stuff my mate and then have to babysit again! But you can call me there.xx,ok darlin supos ok worri film stuff mate babysit call
Ham,Spam,False Positive,"KMeans(n_clusters=2, n_init=10, random_state=20)",Customer place i will call you.,custom place call
Spam,Ham,False Negative,"KMeans(n_clusters=2, n_init=10, random_state=20)","TheMob>Hit the link to get a premium Pink Panther game, the new no. 1 from Sugababes, a crazy Zebra animation or a badass Hoody wallpaper-all 4 FREE!",themob hit link get premium pink panther game new 1 sugabab crazi zebra anim badass hoodi 4 free
Ham,Spam,False Positive,"KMeans(n_clusters=2, n_init=10, random_state=20)",Hi.:)technical support.providing assistance to us customer through call and email:),hi technic assist us custom call email
Ham,Spam,False Positive,"KMeans(n_clusters=2, n_init=10, random_state=20)","Sir, i am waiting for your call, once free please call me.",sir wait call free pleas call
Spam,Ham,False Negative,"KMeans(n_clusters=2, n_init=10, random_state=20)","Hi there, 2nights ur lucky night! Uve been invited 2 XCHAT, the Uks wildest chat! Txt CHAT to 86688 now! 150p/MsgrcvdHG/Suite342/2Lands/Row/W1J6HL LDN 18yrs",hi 2night ur lucki night uve invit 2 xchat uk wildest chat txt chat 86688 ldn 18yr
Ham,Spam,False Positive,"KMeans(n_clusters=2, n_init=10, random_state=20)",Hi Chachi tried calling u now unable to reach u .. Pl give me a missed cal once u c tiz msg  Kanagu,hi chachi tri call u unabl reach u pl give miss cal u c tiz msg kanagu
Spam,Ham,False Negative,"KMeans(n_clusters=2, n_init=10, random_state=20)",wamma get laid?want real doggin locations sent direct to your mobile? join the UKs largest dogging network. txt dogs to 69696 now!nyt. ec2a. 3lp å£1.50/msg.,wamma get laid want real doggin locat sent direct mobil join uk largest dog network txt dog 69696 nyt ec2a 3lp
Spam,Ham,False Negative,"KMeans(n_clusters=2, n_init=10, random_state=20)","FREE GAME. Get Rayman Golf 4 FREE from the O2 Games Arcade. 1st get UR games settings. Reply POST, then save & activ8. Press 0 key for Arcade. Termsapply",free game get rayman golf 4 free o2 game arcad 1st get ur game set repli post save activ8 press 0 key arcad termsappli
Spam,Ham,False Negative,"KMeans(n_clusters=2, n_init=10, random_state=20)",FREE for 1st week! No1 Nokia tone 4 ur mob every week just txt NOKIA to 8007 Get txting and tell ur mates www.getzed.co.uk POBox 36504 W45WQ norm150p/tone 16+,free 1st week no1 nokia tone 4 ur mob everi week txt nokia 8007 get txting tell ur mate pobox 36504 w45wq
Ham,Spam,False Positive,"KMeans(n_clusters=2, n_init=10, random_state=20)",I am waiting machan. Call me once you free.,wait machan call free
Spam,Ham,False Negative,"KMeans(n_clusters=2, n_init=10, random_state=20)",Sexy Singles are waiting for you! Text your AGE followed by your GENDER as wither M or F E.G.23F. For gay men text your AGE followed by a G. e.g.23G.,sexi singl wait text age follow gender wither f gay men text age follow
Ham,Spam,False Positive,"KMeans(n_clusters=2, n_init=10, random_state=20)",I dont thnk its a wrong calling between us,dont thnk wrong call us
Spam,Ham,False Negative,"KMeans(n_clusters=2, n_init=10, random_state=20)",New TEXTBUDDY Chat 2 horny guys in ur area 4 just 25p Free 2 receive Search postcode or at gaytextbuddy.com. TXT ONE name to 89693. 08715500022 rpl Stop 2 cnl,new textbuddi chat 2 horni guy ur area 4 25p free 2 receiv search postcod txt one name 89693 08715500022 rpl stop 2 cnl
Spam,Ham,False Negative,"KMeans(n_clusters=2, n_init=10, random_state=20)",Warner Village 83118 C Colin Farrell in SWAT this wkend @Warner Village & get 1 free med. Popcorn!Just show msg+ticket@kiosk.Valid 4-7/12. C t&c @kiosk. Reply SONY 4 mre film offers,warner villag 83118 c colin farrel swat wkend warner villag get 1 free med popcorn show c c kiosk repli soni 4 mre film offer
Spam,Ham,False Negative,"KMeans(n_clusters=2, n_init=10, random_state=20)",EASTENDERS TV Quiz. What FLOWER does DOT compare herself to? D= VIOLET E= TULIP F= LILY txt D E or F to 84025 NOW 4 chance 2 WIN å£100 Cash WKENT/150P16+,eastend tv quiz flower dot compar violet tulip lili txt e f 84025 4 chanc 2 win cash
Spam,Ham,False Negative,"KMeans(n_clusters=2, n_init=10, random_state=20)",Ur TONEXS subscription has been renewed and you have been charged å£4.50. You can choose 10 more polys this month. www.clubzed.co.uk *BILLING MSG*,ur tonex subscript renew charg choos 10 poli month bill msg
Spam,Ham,False Negative,"KMeans(n_clusters=2, n_init=10, random_state=20)",Show ur colours! Euro 2004 2-4-1 Offer! Get an England Flag & 3Lions tone on ur phone! Click on the following service message for info!,show ur colour euro 2004 offer get england flag 3lion tone ur phone click follow servic messag info
Spam,Ham,False Negative,"KMeans(n_clusters=2, n_init=10, random_state=20)",Marvel Mobile Play the official Ultimate Spider-man game (å£4.50) on ur mobile right now. Text SPIDER to 83338 for the game & we ll send u a FREE 8Ball wallpaper,marvel mobil play offici ultim game ur mobil right text spider 83338 game send u free 8ball wallpap
